{
  "budget": {
    "budgets": [
      0.1,
      0.2,
      0.35,
      0.5,
      0.7,
      1.0,
      1.5
    ],
    "quality": [
      0.36420604065019035,
      0.4923098620457697,
      0.6608222527358919,
      0.7724912333835993,
      0.8833419904488933,
      1.0061831743811485,
      1.0061831743811485
    ],
    "cert_valid_rate": 0.9761904761904762
  },
  "cost_exp_scan": {
    "ps": [
      1.0,
      1.25,
      1.5,
      1.75,
      2.0
    ],
    "means": {
      "1.0": 81377.15876022524,
      "1.25": 77378.98658066201,
      "1.5": 79196.00523475741,
      "1.75": 80347.28538131066,
      "2.0": 77814.29571438274
    },
    "best_p": 1.25,
    "neighborhood_spread": 0.051669999262596016
  }
}